{"cameraMode":{"drawMode":0,"name":"Shaded","section":"Shading Mode"},"sceneLighting":false,"audioPlay":false,"sceneViewState":{"m_AlwaysRefresh":false,"showFog":true,"showSkybox":false,"showFlares":true,"showImageEffects":true,"showParticleSystems":true,"showVisualEffectGraphs":true,"m_FxEnabled":true},"in2DMode":false,"pivot":{"x":-0.058581896126270297,"y":-0.401599645614624,"z":2.149352550506592},"rotation":{"x":0.13888466358184815,"y":0.8530135154724121,"z":-0.28587982058525088,"w":0.414161741733551},"size":14.462451934814454,"orthographic":false}