{"cameraMode":{"drawMode":0,"name":"Shaded","section":"Shading Mode"},"sceneLighting":false,"audioPlay":false,"sceneViewState":{"m_AlwaysRefresh":false,"showFog":true,"showSkybox":false,"showFlares":true,"showImageEffects":true,"showParticleSystems":true,"showVisualEffectGraphs":true,"m_FxEnabled":true},"in2DMode":false,"pivot":{"x":-3.8202404975891115,"y":-69.54571533203125,"z":78.68252563476563},"rotation":{"x":0.4876325726509094,"y":0.007857180200517178,"z":-0.004388929344713688,"w":0.8730028867721558},"size":73.64981842041016,"orthographic":false}