{"cameraMode":{"drawMode":0,"name":"Shaded","section":"Shading Mode"},"sceneLighting":false,"audioPlay":false,"sceneViewState":{"m_AlwaysRefresh":false,"showFog":true,"showSkybox":false,"showFlares":true,"showImageEffects":true,"showParticleSystems":true,"showVisualEffectGraphs":true,"m_FxEnabled":true},"in2DMode":false,"pivot":{"x":-10.689495086669922,"y":2.277505874633789,"z":-0.12778811156749726},"rotation":{"x":0.29839852452278139,"y":0.29935821890830996,"z":-0.09907102584838867,"w":0.9009477496147156},"size":14.462451934814454,"orthographic":false}