{"cameraMode":{"drawMode":0,"name":"Shaded","section":"Shading Mode"},"sceneLighting":false,"audioPlay":false,"sceneViewState":{"m_AlwaysRefresh":false,"showFog":false,"showSkybox":false,"showFlares":false,"showImageEffects":false,"showParticleSystems":false,"showVisualEffectGraphs":true,"m_FxEnabled":true},"in2DMode":false,"pivot":{"x":0.828686535358429,"y":1.5772312879562379,"z":-0.7176817655563355},"rotation":{"x":-0.0026788972318172456,"y":-0.9156662225723267,"z":0.0060424343682825569,"w":-0.4019959568977356},"size":0.9211968779563904,"orthographic":false}